                  epoch,         train/box_loss,         train/cls_loss,         train/dfl_loss,   metrics/precision(B),      metrics/recall(B),       metrics/mAP50(B),    metrics/mAP50-95(B),           val/box_loss,           val/cls_loss,           val/dfl_loss,                 lr/pg0,                 lr/pg1,                 lr/pg2
                      1,                 1.1926,                 3.1921,                 1.3903,                0.00739,                      1,                0.40729,                0.24541,                 1.0321,                 3.1575,                 1.3762,              0.0001375,              0.0001375,              0.0001375
                      2,                 1.1395,                  2.533,                 1.3322,                0.01146,                      1,                0.62713,                0.36261,                0.95176,                 2.7786,                 1.3555,             0.00028693,             0.00028693,             0.00028693
                      3,                 1.1148,                 2.0922,                  1.331,                0.42675,                0.71512,                0.63114,                0.41435,                 1.1199,                 1.9443,                 1.5581,             0.00043577,             0.00043577,             0.00043577
                      4,                 1.0939,                 1.9137,                 1.3057,                0.44662,                 0.6125,                0.63077,                0.43024,                 1.1013,                  1.893,                 1.5253,             0.00058401,             0.00058401,             0.00058401
                      5,                 1.0487,                 1.8225,                 1.3169,                0.45377,                0.55009,                0.59804,                0.38273,                 1.1024,                 1.9369,                 1.5076,             0.00073166,             0.00073166,             0.00073166
                      6,                 1.0579,                 1.7365,                 1.3121,                0.51838,                0.57679,                 0.6124,                0.30335,                 1.5464,                 2.0541,                 1.9192,             0.00087871,             0.00087871,             0.00087871
                      7,                 1.0673,                 1.6684,                 1.2961,                0.70327,                 0.3923,                 0.5754,                 0.3045,                  1.338,                 1.7994,                 1.7371,              0.0010252,              0.0010252,              0.0010252
                      8,                 1.0952,                 1.6475,                 1.3393,                0.38832,                0.58188,                0.45457,                0.22561,                 1.5691,                 1.9388,                 1.9825,               0.001171,               0.001171,               0.001171
                      9,                 1.0133,                 1.4822,                 1.2611,                0.54011,                 0.3937,                0.39537,                0.20745,                 1.6158,                  2.723,                 1.9122,              0.0012302,              0.0012302,              0.0012302
                     10,                 1.0309,                  1.476,                 1.2542,                0.51419,                0.32555,                0.55218,                0.31226,                 1.3333,                  2.314,                 1.6449,              0.0012277,              0.0012277,              0.0012277
                     11,                 1.0587,                 1.4427,                 1.2743,                0.48985,                0.59674,                0.61748,                0.34048,                 1.4446,                 1.8079,                 1.8072,              0.0012252,              0.0012252,              0.0012252
                     12,                 1.0041,                   1.37,                 1.2312,                0.46805,                0.51311,                 0.5012,                0.24758,                 1.5961,                 2.1828,                 1.8477,              0.0012228,              0.0012228,              0.0012228
                     13,                   1.08,                 1.3872,                 1.2741,                0.46601,                0.57345,                0.48468,                0.28321,                 1.3969,                 1.9402,                 1.7629,              0.0012203,              0.0012203,              0.0012203
                     14,                  1.004,                 1.3319,                  1.232,                0.68987,                0.65966,                0.61954,                 0.3642,                 1.2425,                 1.6934,                 1.5969,              0.0012178,              0.0012178,              0.0012178
                     15,                 1.0028,                 1.3137,                 1.2243,                0.56552,                 0.6087,                 0.5844,                0.31577,                 1.3602,                 1.9647,                  1.674,              0.0012154,              0.0012154,              0.0012154
                     16,                0.98756,                 1.2706,                 1.2171,                0.54556,                0.52666,                 0.5191,                0.25073,                 1.7466,                 1.7027,                 2.0251,              0.0012129,              0.0012129,              0.0012129
                     17,                0.97131,                 1.2063,                  1.207,                0.57278,                    0.5,                0.49764,                0.26217,                 1.5933,                 2.0817,                 1.8346,              0.0012104,              0.0012104,              0.0012104
                     18,                0.94155,                 1.1435,                 1.1789,                0.57463,                0.72802,                0.69971,                0.37609,                 1.5224,                 1.6716,                 1.9075,              0.0012079,              0.0012079,              0.0012079
                     19,                0.94467,                 1.1149,                 1.1787,                0.63575,                0.76406,                0.70478,                0.38555,                 1.4363,                 1.8645,                 1.8666,              0.0012055,              0.0012055,              0.0012055
                     20,                0.99038,                 1.1748,                 1.2307,                0.67847,                0.66429,                0.63686,                0.32225,                 1.5407,                  1.768,                 1.8991,               0.001203,               0.001203,               0.001203
                     21,                0.95357,                 1.0797,                 1.1978,                    0.5,                0.61429,                 0.6004,                0.35001,                 1.4298,                 1.6213,                 1.8292,              0.0012005,              0.0012005,              0.0012005
                     22,                0.89238,                 1.0588,                 1.1728,                0.59022,                0.52587,                0.72226,                0.40336,                 1.3759,                 1.5208,                 1.7072,               0.001198,               0.001198,               0.001198
                     23,                0.92701,                 1.1092,                 1.1941,                0.64102,                0.70179,                0.77449,                0.43934,                 1.4286,                 1.5304,                 1.7048,              0.0011955,              0.0011955,              0.0011955
                     24,                0.91223,                 1.0216,                 1.1557,                 0.6094,                0.70017,                0.70744,                0.36063,                 1.4622,                 1.6819,                 1.8322,              0.0011931,              0.0011931,              0.0011931
                     25,                0.91758,                 1.0303,                 1.1767,                0.60957,                0.76249,                0.69155,                0.40069,                 1.4531,                  1.962,                 1.9045,              0.0011906,              0.0011906,              0.0011906
                     26,                0.86587,                 1.0104,                 1.1542,                0.59088,                0.68687,                0.64616,                 0.3444,                 1.4884,                 1.4602,                 1.8335,              0.0011881,              0.0011881,              0.0011881
                     27,                0.87897,                 1.0408,                 1.1572,                 0.5433,                0.64419,                0.60843,                0.31324,                 1.5968,                 1.5923,                 1.9913,              0.0011856,              0.0011856,              0.0011856
                     28,                0.88173,                0.97384,                 1.1437,                  0.816,                0.73624,                0.81922,                0.52163,                 1.3307,                 1.2065,                 1.7086,              0.0011832,              0.0011832,              0.0011832
                     29,                0.89217,                 1.0037,                 1.1523,                0.78597,                0.58382,                0.67074,                0.38731,                  1.378,                 1.4731,                 1.6526,              0.0011807,              0.0011807,              0.0011807
                     30,                0.87054,                0.97351,                 1.1535,                0.54403,                  0.742,                0.69853,                0.38799,                 1.4382,                 1.6403,                 1.7385,              0.0011782,              0.0011782,              0.0011782
                     31,                0.87176,                 0.9552,                 1.1479,                0.72755,                0.90365,                0.84299,                 0.5207,                 1.2906,                 1.1475,                 1.6587,              0.0011757,              0.0011757,              0.0011757
                     32,                0.82505,                0.90179,                 1.1012,                0.68178,                0.80357,                0.77421,                0.46429,                 1.2882,                  1.235,                 1.6931,              0.0011733,              0.0011733,              0.0011733
                     33,                0.86695,                0.90822,                 1.1521,                0.54599,                0.78483,                0.76649,                0.47844,                 1.3129,                 1.3274,                 1.6132,              0.0011708,              0.0011708,              0.0011708
                     34,                0.84962,                0.90175,                 1.1115,                0.60633,                0.83306,                0.71361,                 0.4103,                 1.4465,                 1.4621,                 1.6521,              0.0011683,              0.0011683,              0.0011683
                     35,                0.84489,                0.90673,                 1.1375,                0.63143,                0.78241,                0.71515,                0.44539,                 1.2947,                 1.3359,                 1.6224,              0.0011658,              0.0011658,              0.0011658
                     36,                   0.85,                0.92764,                  1.144,                0.76128,                 0.7398,                0.78678,                0.43855,                 1.6152,                 1.4985,                 1.8177,              0.0011634,              0.0011634,              0.0011634
                     37,                0.82929,                0.87937,                 1.1119,                0.74175,                0.72679,                0.71882,                0.41847,                 1.4288,                 1.3317,                 1.7333,              0.0011609,              0.0011609,              0.0011609
                     38,                0.86087,                0.88863,                 1.1354,                0.72166,                0.67037,                0.83124,                0.39475,                 1.6903,                   1.35,                 1.9364,              0.0011584,              0.0011584,              0.0011584
                     39,                 0.8486,                0.90319,                  1.132,                0.48588,                0.73518,                 0.7439,                0.36137,                   1.76,                 1.4665,                  1.964,              0.0011559,              0.0011559,              0.0011559
                     40,                0.81659,                 0.8328,                 1.1042,                0.69074,                  0.625,                0.66561,                0.32884,                 1.6609,                 1.7961,                 1.8753,              0.0011535,              0.0011535,              0.0011535
                     41,                 0.8114,                0.84514,                 1.1187,                0.81995,                 0.7129,                0.81008,                0.44499,                 1.4973,                 1.2964,                 1.7579,               0.001151,               0.001151,               0.001151
                     42,                0.84394,                0.84687,                 1.1343,                0.71145,                0.77237,                0.86355,                0.47958,                 1.4195,                 1.1557,                 1.7782,              0.0011485,              0.0011485,              0.0011485
                     43,                0.78805,                0.81102,                 1.0846,                0.70452,                0.82653,                 0.8258,                0.43829,                   1.43,                 1.1782,                  1.764,              0.0011461,              0.0011461,              0.0011461
                     44,                0.76015,                0.79217,                  1.075,                0.63214,                0.85606,                0.80168,                0.42293,                 1.5269,                 1.0855,                 1.8975,              0.0011436,              0.0011436,              0.0011436
                     45,                0.78574,                0.76155,                 1.0872,                 0.8085,                 0.7746,                0.81593,                0.44283,                 1.4684,                 1.1186,                 1.8473,              0.0011411,              0.0011411,              0.0011411
                     46,                0.78564,                0.75509,                  1.108,                0.66248,                 0.7375,                0.71913,                0.39734,                 1.5224,                 1.2809,                 1.8352,              0.0011386,              0.0011386,              0.0011386
                     47,                0.79848,                0.80896,                 1.0879,                0.69262,                 0.6896,                0.68707,                0.42821,                 1.3771,                 1.1877,                 1.7549,              0.0011362,              0.0011362,              0.0011362
                     48,                0.80661,                0.81571,                 1.1078,                0.66418,                0.64741,                0.63481,                0.40804,                 1.2651,                 1.5301,                 1.6723,              0.0011337,              0.0011337,              0.0011337
                     49,                 0.7491,                 0.7732,                 1.0793,                0.54939,                0.77573,                 0.7076,                0.41194,                 1.4388,                 1.4847,                 1.8148,              0.0011312,              0.0011312,              0.0011312
                     50,                0.74716,                0.75077,                 1.0794,                0.75231,                0.78954,                0.83046,                0.49184,                  1.368,                 1.1931,                 1.7567,              0.0011287,              0.0011287,              0.0011287
                     51,                0.78514,                 0.7668,                 1.0904,                0.77023,                0.63419,                0.75857,                0.45676,                 1.3535,                 1.0873,                 1.7745,              0.0011263,              0.0011263,              0.0011263
                     52,                0.78217,                0.78232,                  1.101,                0.80088,                0.85357,                0.85787,                0.53175,                 1.1998,                 0.9062,                 1.6238,              0.0011238,              0.0011238,              0.0011238
                     53,                0.75919,                0.78556,                 1.0878,                0.78412,                0.89745,                0.88109,                0.54701,                 1.2238,                 1.0314,                 1.6131,              0.0011213,              0.0011213,              0.0011213
                     54,                0.73228,                0.71627,                 1.0558,                0.79802,                0.86429,                0.89831,                0.54456,                 1.3562,                 1.0047,                 1.7828,              0.0011188,              0.0011188,              0.0011188
                     55,                0.76679,                0.74059,                 1.0746,                0.79513,                0.82496,                0.84559,                0.49229,                 1.4952,                 1.1645,                 1.8146,              0.0011164,              0.0011164,              0.0011164
                     56,                0.75978,                0.74082,                 1.0728,                0.68861,                0.81769,                0.80572,                0.46984,                 1.5947,                 1.2351,                 1.8711,              0.0011139,              0.0011139,              0.0011139
                     57,                0.76803,                0.75485,                 1.0832,                0.65385,                0.76042,                0.79763,                0.44979,                 1.5224,                  1.308,                  1.827,              0.0011114,              0.0011114,              0.0011114
                     58,                0.74841,                0.73553,                 1.0664,                0.70783,                0.66965,                0.73297,                0.45684,                 1.3646,                 1.2471,                 1.7633,              0.0011089,              0.0011089,              0.0011089
                     59,                0.74863,                0.72585,                 1.0806,                0.78874,                0.63815,                 0.6867,                0.41639,                 1.3853,                 1.3051,                 1.7577,              0.0011065,              0.0011065,              0.0011065
                     60,                0.73675,                0.69963,                 1.0636,                0.65448,                 0.6441,                 0.7483,                0.40846,                 1.6072,                 1.3601,                 1.9427,               0.001104,               0.001104,               0.001104
                     61,                0.75645,                0.71312,                 1.0901,                0.50497,                0.60776,                0.59562,                 0.3771,                 1.4191,                 1.4125,                 1.7331,              0.0011015,              0.0011015,              0.0011015
                     62,                0.74177,                0.71985,                 1.0782,                0.58826,                0.63803,                 0.6307,                0.40649,                 1.3899,                 1.5815,                 1.7417,               0.001099,               0.001099,               0.001099
                     63,                0.74103,                0.71561,                 1.0751,                0.63225,                0.63234,                0.64292,                 0.4249,                 1.2517,                 1.3396,                  1.625,              0.0010965,              0.0010965,              0.0010965
                     64,                0.74944,                 0.7122,                 1.0784,                0.73351,                0.81669,                0.81505,                0.51496,                 1.3289,                0.98597,                 1.7357,              0.0010941,              0.0010941,              0.0010941
                     65,                0.74848,                0.67979,                 1.0574,                0.77687,                0.82858,                0.81453,                0.52066,                  1.396,                 1.0568,                 1.6979,              0.0010916,              0.0010916,              0.0010916
                     66,                0.73765,                0.68375,                 1.0545,                0.80181,                0.67567,                0.79265,                0.47835,                 1.5738,                 1.1966,                 1.8553,              0.0010891,              0.0010891,              0.0010891
                     67,                0.73467,                0.67707,                 1.0625,                0.79071,                0.58929,                 0.7687,                0.47405,                 1.3772,                 1.4202,                 1.6764,              0.0010866,              0.0010866,              0.0010866
                     68,                0.73814,                0.68772,                 1.0511,                 0.8489,                0.69096,                 0.7859,                0.51627,                 1.2827,                 1.3364,                  1.648,              0.0010842,              0.0010842,              0.0010842
                     69,                0.71048,                0.66433,                 1.0481,                0.89401,                0.73474,                 0.8048,                0.52515,                 1.2257,                  1.203,                 1.6142,              0.0010817,              0.0010817,              0.0010817
                     70,                0.73935,                0.68322,                 1.0546,                0.62221,                0.76035,                0.77537,                0.48526,                 1.2964,                 1.1043,                 1.6809,              0.0010792,              0.0010792,              0.0010792
                     71,                0.72884,                0.66375,                 1.0527,                0.59754,                0.81647,                0.81204,                0.47411,                 1.4341,                 1.1414,                 1.8427,              0.0010768,              0.0010768,              0.0010768
                     72,                0.71425,                0.68193,                 1.0441,                0.52302,                0.79689,                0.70064,                0.41817,                 1.4739,                 1.0949,                  1.987,              0.0010743,              0.0010743,              0.0010743
                     73,                0.73643,                0.67284,                 1.0666,                0.59381,                0.77783,                0.80632,                0.46906,                  1.342,                 1.2532,                 1.6938,              0.0010718,              0.0010718,              0.0010718
                     74,                0.72604,                0.67295,                 1.0673,                0.71789,                0.78679,                0.87405,                0.51489,                 1.3013,                 1.0992,                 1.5979,              0.0010693,              0.0010693,              0.0010693
                     75,                0.68821,                0.65152,                 1.0396,                0.79191,                0.80744,                0.84563,                0.52699,                 1.2685,                0.94034,                 1.5868,              0.0010669,              0.0010669,              0.0010669
                     76,                0.72502,                0.64736,                 1.0574,                0.78335,                0.84994,                0.85809,                0.56137,                 1.2191,                0.93312,                 1.5517,              0.0010644,              0.0010644,              0.0010644
                     77,                0.71325,                0.65894,                 1.0436,                0.75375,                0.76185,                0.75376,                0.46146,                 1.2766,                 1.1836,                 1.6271,              0.0010619,              0.0010619,              0.0010619
                     78,                0.67629,                0.64023,                  1.037,                0.80211,                0.78045,                0.77451,                 0.4731,                 1.3493,                 1.0707,                 1.7607,              0.0010594,              0.0010594,              0.0010594
                     79,                0.71277,                0.66575,                  1.064,                0.73028,                0.86455,                0.84664,                0.56411,                 1.3179,                 1.0146,                 1.6691,               0.001057,               0.001057,               0.001057
                     80,                0.71083,                0.65486,                 1.0465,                0.86389,                0.74011,                0.83237,                0.51393,                 1.5406,                0.96444,                 1.8727,              0.0010545,              0.0010545,              0.0010545
                     81,                0.69403,                0.63218,                 1.0352,                0.74845,                0.78924,                0.85754,                0.48934,                 1.4783,                 1.2144,                 1.7972,               0.001052,               0.001052,               0.001052
                     82,                0.70592,                0.62782,                 1.0393,                0.78601,                0.63225,                0.72669,                0.38997,                 1.4495,                 1.2916,                 1.7557,              0.0010495,              0.0010495,              0.0010495
                     83,                0.65272,                 0.5996,                 1.0108,                0.80444,                0.77753,                0.79584,                0.46234,                 1.5435,                 1.0605,                 1.9486,               0.001047,               0.001047,               0.001047
                     84,                0.69075,                0.60909,                  1.036,                0.86892,                0.85224,                0.86974,                0.48152,                 1.2915,                 1.0529,                 1.6025,              0.0010446,              0.0010446,              0.0010446
                     85,                 0.6545,                0.60052,                 1.0159,                0.82475,                0.76312,                0.81028,                0.45876,                 1.4661,                 1.1931,                 1.7515,              0.0010421,              0.0010421,              0.0010421
                     86,                0.67401,                0.60422,                 1.0359,                0.83121,                0.84072,                0.84773,                0.49979,                 1.3993,                0.94463,                 1.6887,              0.0010396,              0.0010396,              0.0010396
                     87,                0.67277,                0.60104,                 1.0416,                0.76632,                0.78036,                0.80476,                0.50627,                 1.3043,                 1.0161,                 1.5515,              0.0010372,              0.0010372,              0.0010372
                     88,                0.66618,                0.62188,                 1.0534,                0.86086,                0.72642,                0.79802,                0.49702,                 1.3035,                0.93677,                 1.5593,              0.0010347,              0.0010347,              0.0010347
                     89,                0.69892,                0.62017,                 1.0557,                0.81434,                0.72667,                0.83364,                0.52546,                 1.2644,                0.95743,                 1.6475,              0.0010322,              0.0010322,              0.0010322
                     90,                0.68962,                 0.6189,                 1.0648,                0.72137,                0.79096,                0.77143,                0.49743,                 1.2103,                0.91982,                 1.6179,              0.0010297,              0.0010297,              0.0010297
                     91,                0.67912,                0.62211,                 1.0367,                0.77721,                 0.8061,                0.88629,                0.55185,                 1.2216,                0.89111,                 1.6335,              0.0010273,              0.0010273,              0.0010273
                     92,                0.67473,                0.61791,                 1.0431,                0.80152,                 0.8292,                0.89339,                0.56794,                 1.1872,                0.88245,                 1.5425,              0.0010248,              0.0010248,              0.0010248
                     93,                0.65747,                0.61663,                 1.0326,                0.70508,                0.77679,                0.77069,                0.49265,                 1.1937,                 1.1173,                 1.6135,              0.0010223,              0.0010223,              0.0010223
                     94,                0.65378,                0.61252,                 1.0372,                0.69881,                0.67679,                0.73333,                0.48473,                 1.2925,                 1.1747,                  1.753,              0.0010198,              0.0010198,              0.0010198
                     95,                  0.647,                0.59798,                  1.008,                0.71072,                0.65211,                 0.7508,                 0.4915,                 1.3603,                  1.034,                 1.7737,              0.0010173,              0.0010173,              0.0010173
                     96,                0.64649,                0.58453,                 1.0112,                0.61412,                0.78957,                0.76677,                0.49198,                 1.3343,                 1.0317,                 1.7013,              0.0010149,              0.0010149,              0.0010149
                     97,                0.66113,                0.62802,                 1.0359,                0.69276,                0.84791,                0.84059,                0.54903,                 1.2817,                0.98675,                 1.6325,              0.0010124,              0.0010124,              0.0010124
                     98,                 0.6311,                 0.5893,                 1.0096,                0.59927,                 0.9125,                0.77479,                0.51703,                 1.2172,                  1.189,                 1.5118,              0.0010099,              0.0010099,              0.0010099
                     99,                0.64228,                0.57225,                 1.0178,                 0.8236,                0.72314,                0.83685,                0.53293,                 1.3226,                 1.0733,                 1.7121,              0.0010075,              0.0010075,              0.0010075
                    100,                0.64275,                0.58587,                 1.0176,                0.76288,                0.76429,                0.84992,                0.55021,                 1.3995,                 1.0194,                 1.6861,               0.001005,               0.001005,               0.001005
                    101,                0.62423,                0.56823,                 1.0089,                0.82911,                0.81943,                0.86608,                0.58165,                 1.3947,                 0.9524,                 1.7394,              0.0010025,              0.0010025,              0.0010025
                    102,                 0.6379,                0.56935,                 1.0171,                0.82932,                0.86343,                 0.9245,                 0.5819,                 1.4484,                0.94774,                 1.7966,                  0.001,                  0.001,                  0.001
                    103,                 0.6311,                 0.5644,                 1.0157,                0.79043,                 0.8757,                0.86583,                0.54309,                 1.4107,                0.97819,                 1.7559,             0.00099755,             0.00099755,             0.00099755
                    104,                0.62157,                0.55966,                 1.0054,                0.78089,                0.73929,                0.76214,                 0.4341,                 1.6016,                 1.0976,                  2.108,             0.00099507,             0.00099507,             0.00099507
                    105,                0.64844,                0.57523,                 1.0321,                0.77806,                0.73929,                0.79069,                0.46561,                 1.4606,                 1.0675,                  2.036,              0.0009926,              0.0009926,              0.0009926
                    106,                0.67613,                0.62112,                 1.0424,                0.78943,                0.70794,                0.77352,                0.47617,                 1.4585,                 1.0681,                 1.8745,             0.00099013,             0.00099013,             0.00099013
                    107,                0.63886,                0.59327,                 1.0038,                0.81662,                0.81215,                0.84037,                0.55282,                 1.2056,                 1.0205,                 1.6312,             0.00098765,             0.00098765,             0.00098765
                    108,                0.64384,                0.57055,                 1.0244,                0.82538,                0.70813,                0.85672,                0.62174,                 1.0609,                0.86731,                 1.4658,             0.00098518,             0.00098518,             0.00098518
                    109,                0.62138,                0.56271,                 1.0275,                0.75619,                0.65536,                0.75503,                0.52722,                 1.1698,                 1.1611,                 1.5827,              0.0009827,              0.0009827,              0.0009827
                    110,                0.64288,                0.56347,                 1.0265,                 0.7146,                0.64186,                0.73869,                0.45912,                 1.2884,                 1.1908,                 1.6843,             0.00098022,             0.00098022,             0.00098022
                    111,                0.63773,                0.56787,                  1.027,                0.73746,                0.87574,                0.82738,                0.49256,                 1.3343,                0.97257,                 1.7698,             0.00097775,             0.00097775,             0.00097775
                    112,                0.62428,                0.54932,                 1.0172,                0.63948,                0.66607,                0.67862,                0.39353,                 1.4018,                 1.2241,                 1.8366,             0.00097528,             0.00097528,             0.00097528
                    113,                0.59754,                0.53387,                0.99321,                0.68521,                0.68261,                0.74019,                0.47232,                 1.2712,                 1.1641,                 1.6481,              0.0009728,              0.0009728,              0.0009728
                    114,                0.59221,                0.53619,                0.98967,                0.55489,                 0.7375,                0.77338,                0.49829,                  1.268,                 1.1792,                 1.6819,             0.00097033,             0.00097033,             0.00097033
                    115,                0.61626,                0.55115,                 1.0094,                0.70768,                0.73828,                0.82228,                0.54966,                 1.1508,                 1.0835,                 1.6425,             0.00096785,             0.00096785,             0.00096785
                    116,                0.58733,                0.53499,                  0.994,                 0.8422,                0.64407,                0.76405,                0.50504,                 1.1127,                0.93197,                 1.5992,             0.00096537,             0.00096537,             0.00096537
                    117,                0.60738,                0.54363,                0.99226,                0.71198,                0.91428,                0.84044,                0.55944,                 1.0798,                0.88717,                 1.5285,              0.0009629,              0.0009629,              0.0009629
                    118,                 0.5904,                0.51348,                0.98657,                0.63166,                0.92551,                0.83341,                0.58304,                 1.0699,                  1.061,                 1.5025,             0.00096043,             0.00096043,             0.00096043
                    119,                0.60919,                0.55001,                 1.0166,                0.78734,                0.68595,                0.80709,                0.54127,                 1.1599,                  1.147,                 1.5959,             0.00095795,             0.00095795,             0.00095795
                    120,                0.59901,                0.52167,                0.98222,                0.55921,                  0.729,                0.70205,                0.42749,                 1.3674,                 1.3262,                 1.8281,             0.00095548,             0.00095548,             0.00095548
                    121,                0.62402,                0.56852,                 1.0009,                0.64564,                0.77435,                0.84193,                 0.4924,                 1.4601,                 1.0758,                 1.9833,               0.000953,               0.000953,               0.000953
                    122,                 0.6061,                0.52552,                0.99487,                 0.8615,                 0.8142,                 0.8421,                0.54322,                 1.2531,                0.92333,                 1.6388,             0.00095053,             0.00095053,             0.00095053
                    123,                0.62002,                0.53671,                 1.0068,                0.87262,                0.81048,                0.79891,                0.51906,                 1.2766,                0.93913,                 1.7397,             0.00094805,             0.00094805,             0.00094805
                    124,                0.62858,                0.54957,                 1.0053,                0.80545,                0.85179,                0.88282,                0.62305,                 1.2464,                0.82333,                 1.7425,             0.00094558,             0.00094558,             0.00094558
                    125,                0.59216,                 0.5297,                0.98955,                0.93101,                0.78328,                0.94182,                0.63131,                 1.2926,                0.78926,                 1.7731,              0.0009431,              0.0009431,              0.0009431
                    126,                0.56972,                0.50992,                0.98763,                0.71059,                0.90751,                0.85329,                0.59109,                 1.2739,                 0.7284,                 1.7065,             0.00094062,             0.00094062,             0.00094062
                    127,                0.60062,                0.54229,                 1.0008,                0.81546,                0.78855,                0.86938,                0.56275,                 1.3054,                0.96209,                 1.5726,             0.00093815,             0.00093815,             0.00093815
                    128,                0.61782,                0.53806,                0.99989,                  0.738,                0.68408,                0.71865,                0.46387,                 1.3604,                 1.1015,                 1.7865,             0.00093567,             0.00093567,             0.00093567
                    129,                0.64494,                0.58475,                 1.0298,                0.64298,                0.69451,                0.71513,                0.44675,                 1.3476,                 1.1511,                 1.7322,              0.0009332,              0.0009332,              0.0009332
                    130,                0.61127,                0.52169,                0.99443,                  0.777,                0.76847,                0.82691,                0.53807,                 1.2805,                0.91265,                   1.68,             0.00093073,             0.00093073,             0.00093073
                    131,                0.57536,                 0.5071,                0.98533,                0.74807,                0.81607,                0.83814,                0.56863,                 1.2906,                0.87212,                 1.6601,             0.00092825,             0.00092825,             0.00092825
                    132,                0.57742,                0.50599,                0.98439,                0.83237,                0.88745,                0.89459,                0.61236,                 1.2696,                0.87181,                 1.6619,             0.00092577,             0.00092577,             0.00092577
                    133,                0.56963,                0.49125,                0.98596,                0.84055,                 0.8871,                0.85863,                0.55946,                 1.2922,                0.93877,                 1.7064,              0.0009233,              0.0009233,              0.0009233
                    134,                0.58867,                  0.514,                0.99363,                0.86496,                0.83434,                0.86404,                0.52579,                 1.3521,                0.92562,                 1.7712,             0.00092083,             0.00092083,             0.00092083
                    135,                0.56039,                0.47918,                0.98769,                0.82414,                0.70878,                0.83116,                0.48987,                 1.4226,                 1.0267,                 1.7945,             0.00091835,             0.00091835,             0.00091835
                    136,                0.57576,                0.50524,                0.98234,                0.74439,                0.91723,                  0.857,                0.48264,                 1.4361,                      1,                 1.7836,             0.00091588,             0.00091588,             0.00091588
                    137,                0.57052,                0.51767,                0.98951,                0.83214,                0.72219,                0.80777,                0.48095,                  1.476,                 1.0733,                 1.8882,              0.0009134,              0.0009134,              0.0009134
                    138,                0.56263,                0.51068,                0.98038,                0.75664,                0.76626,                0.81935,                0.48126,                 1.4867,                 1.0796,                  1.884,             0.00091092,             0.00091092,             0.00091092
                    139,                 0.5999,                0.52672,                0.97945,                0.83468,                0.73481,                 0.8221,                0.51586,                  1.451,                 1.0097,                 1.9263,             0.00090845,             0.00090845,             0.00090845
                    140,                 0.5784,                0.53372,                0.97906,                0.80975,                0.70834,                0.81889,                0.50008,                 1.4275,                 1.1337,                 1.8458,             0.00090597,             0.00090597,             0.00090597
                    141,                0.58426,                0.51765,                 0.9913,                0.74654,                0.85485,                0.80568,                0.52149,                 1.3308,                0.87992,                 1.7054,              0.0009035,              0.0009035,              0.0009035
                    142,                0.56998,                0.49619,                0.98501,                0.64284,                0.85552,                0.81923,                0.52732,                 1.2585,                  1.048,                 1.6707,             0.00090103,             0.00090103,             0.00090103
                    143,                0.58537,                 0.5216,                 0.9933,                0.69902,                0.79433,                0.80791,                0.50373,                 1.3434,                 1.0139,                 1.7541,             0.00089855,             0.00089855,             0.00089855
                    144,                 0.5341,                0.49026,                0.97561,                0.70736,                0.85913,                0.80915,                0.49609,                 1.3708,                0.92936,                 1.8605,             0.00089607,             0.00089607,             0.00089607
                    145,                0.55962,                 0.4824,                 0.9649,                0.82386,                0.71597,                 0.7634,                0.47831,                 1.4195,                 1.1329,                 1.8994,              0.0008936,              0.0008936,              0.0008936
                    146,                0.55665,                0.48884,                0.98248,                0.75937,                0.71411,                0.74622,                0.44876,                 1.3257,                 1.0867,                   1.83,             0.00089112,             0.00089112,             0.00089112
                    147,                0.54905,                0.47442,                0.98092,                0.63788,                0.69531,                0.68617,                 0.4369,                 1.2098,                 1.1562,                 1.7177,             0.00088865,             0.00088865,             0.00088865
                    148,                0.54132,                 0.4636,                0.96785,                0.67672,                0.69726,                0.74435,                0.46353,                 1.3226,                 1.1745,                 1.7466,             0.00088618,             0.00088618,             0.00088618
                    149,                0.56096,                0.48431,                0.96327,                0.74846,                 0.6693,                0.77308,                0.48378,                 1.3397,                 1.1518,                  1.799,              0.0008837,              0.0008837,              0.0008837
                    150,                0.57779,                0.51329,                0.99466,                0.68459,                0.77366,                0.78201,                0.52251,                 1.4298,                 1.0495,                 1.9132,             0.00088122,             0.00088122,             0.00088122
                    151,                0.56899,                0.47765,                0.97255,                0.72607,                0.75798,                0.77248,                0.50881,                 1.4652,                 1.0909,                 1.9407,             0.00087875,             0.00087875,             0.00087875
                    152,                0.56101,                0.51801,                0.98401,                0.79225,                0.79117,                0.79248,                0.47547,                 1.4229,                0.99866,                  1.981,             0.00087628,             0.00087628,             0.00087628
                    153,                0.55371,                0.47678,                0.97969,                0.83889,                0.65706,                0.81805,                0.50755,                 1.4335,                0.93274,                 2.0135,              0.0008738,              0.0008738,              0.0008738
                    154,                0.55443,                0.49461,                0.97275,                0.69481,                0.79847,                0.79871,                 0.4927,                 1.4114,                0.89156,                 1.9727,             0.00087132,             0.00087132,             0.00087132
                    155,                0.55377,                0.46467,                0.96379,                0.81711,                0.81275,                0.84437,                 0.5472,                 1.3195,                0.92065,                 1.7863,             0.00086885,             0.00086885,             0.00086885
                    156,                0.57279,                0.48403,                0.96581,                0.80757,                0.71918,                0.83653,                0.53935,                 1.3049,                 1.0541,                 1.7337,             0.00086637,             0.00086637,             0.00086637
                    157,                0.55418,                0.46828,                0.99076,                0.77103,                0.75669,                0.84842,                0.53435,                 1.3344,                 1.0805,                 1.7502,              0.0008639,              0.0008639,              0.0008639
                    158,                0.54474,                0.48248,                0.97316,                0.67271,                0.74734,                0.80457,                0.45848,                 1.3091,                 1.2601,                 1.6646,             0.00086142,             0.00086142,             0.00086142
                    159,                0.51345,                0.48004,                0.95684,                0.68242,                 0.7296,                0.76268,                0.46157,                 1.4535,                 1.0021,                 1.9406,             0.00085895,             0.00085895,             0.00085895
                    160,                0.55107,                0.49361,                0.96576,                 0.7936,                0.75145,                0.80275,                0.44853,                 1.5352,                 1.0337,                 2.0546,             0.00085647,             0.00085647,             0.00085647
                    161,                0.53405,                0.47478,                 0.9613,                0.67412,                0.77799,                0.74844,                 0.4445,                 1.5757,                 1.0511,                 2.0444,               0.000854,               0.000854,               0.000854
                    162,                0.52966,                0.47447,                0.96457,                 0.7116,                0.89662,                0.79199,                0.46413,                 1.4737,                 1.0053,                 1.8696,             0.00085152,             0.00085152,             0.00085152
                    163,                0.55297,                0.49315,                0.96981,                0.78046,                0.83563,                0.83266,                 0.4728,                 1.4911,                 1.0252,                 1.8715,             0.00084905,             0.00084905,             0.00084905
                    164,                0.55803,                0.47657,                0.98257,                0.70609,                0.87768,                0.85875,                0.49559,                 1.3628,                 1.0487,                 1.7642,             0.00084658,             0.00084658,             0.00084658
                    165,                0.52909,                0.46276,                0.95749,                0.78471,                0.76688,                0.83482,                0.46035,                 1.4042,                 1.0813,                 1.7944,              0.0008441,              0.0008441,              0.0008441
                    166,                0.54878,                0.46777,                0.97453,                0.67871,                0.86427,                0.80398,                0.44918,                 1.3259,                 1.0686,                 1.7745,             0.00084162,             0.00084162,             0.00084162
                    167,                0.53709,                0.47492,                0.98389,                0.85132,                 0.7209,                0.79174,                0.47553,                 1.3541,                 1.0521,                 1.8888,             0.00083915,             0.00083915,             0.00083915
                    168,                 0.5276,                0.46122,                0.97198,                 0.6826,                0.85551,                0.76816,                0.47837,                 1.4241,                 1.0302,                 1.9471,             0.00083667,             0.00083667,             0.00083667
                    169,                0.54868,                0.47735,                0.97044,                0.80612,                0.77126,                 0.8003,                0.49822,                 1.3654,                 1.1289,                  1.803,              0.0008342,              0.0008342,              0.0008342
                    170,                 0.5406,                0.46635,                0.96807,                0.73198,                0.82853,                0.81873,                0.53141,                 1.2951,                 1.2363,                 1.7725,             0.00083172,             0.00083172,             0.00083172
                    171,                0.54916,                0.46706,                0.97279,                0.74342,                0.89427,                0.82313,                0.58492,                 1.2136,                 1.0687,                 1.7026,             0.00082925,             0.00082925,             0.00082925
                    172,                0.54551,                0.48448,                0.97032,                0.79826,                0.83384,                0.85916,                0.63551,                 1.1643,                 1.0131,                 1.6352,             0.00082677,             0.00082677,             0.00082677
                    173,                0.53721,                0.46682,                 0.9691,                0.74434,                0.76736,                0.83972,                0.60216,                   1.29,                 1.2007,                 1.7457,              0.0008243,              0.0008243,              0.0008243
                    174,                0.51711,                0.45364,                0.95921,                0.61327,                  0.825,                0.77729,                 0.4951,                 1.4898,                 1.2172,                 1.8732,             0.00082183,             0.00082183,             0.00082183
                    175,                0.53843,                0.48289,                0.97511,                0.73722,                0.78608,                0.79113,                0.49743,                 1.5409,                 1.0744,                  1.975,             0.00081935,             0.00081935,             0.00081935
                    176,                0.52218,                0.46114,                0.95649,                0.68273,                0.81648,                0.73474,                0.44896,                 1.4316,                 1.1596,                 1.8116,             0.00081688,             0.00081688,             0.00081688
                    177,                0.51368,                0.47586,                0.97357,                0.72703,                0.82386,                0.78978,                0.47916,                 1.4388,                 1.0795,                 1.8727,              0.0008144,              0.0008144,              0.0008144
                    178,                 0.5112,                0.45692,                0.97835,                0.71146,                0.77625,                0.73483,                0.47623,                 1.4317,                 1.1623,                 1.7863,             0.00081193,             0.00081193,             0.00081193
                    179,                0.50881,                 0.4521,                0.95432,                0.74126,                0.75675,                0.78799,                0.46156,                  1.371,                 1.1185,                 1.7311,             0.00080945,             0.00080945,             0.00080945
                    180,                0.51504,                0.45311,                 0.9683,                0.59533,                0.82221,                0.74263,                0.45216,                 1.3826,                 1.1429,                 1.7382,             0.00080698,             0.00080698,             0.00080698
                    181,                0.50515,                 0.4356,                0.95903,                0.44899,                0.75357,                 0.7054,                0.37998,                 1.6108,                  1.348,                 1.9938,              0.0008045,              0.0008045,              0.0008045
                    182,                0.51256,                0.43846,                0.94985,                 0.7834,                0.74195,                0.78939,                0.47504,                  1.449,                  1.107,                 1.8743,             0.00080202,             0.00080202,             0.00080202
                    183,                0.52189,                0.46607,                0.97084,                0.70106,                0.85179,                0.78046,                0.49815,                 1.3852,                 1.0484,                 1.8022,             0.00079955,             0.00079955,             0.00079955
                    184,                0.48847,                0.43587,                0.94449,                0.69722,                0.83995,                0.84549,                0.57445,                 1.2796,                0.94452,                 1.6692,             0.00079708,             0.00079708,             0.00079708
                    185,                0.48611,                0.42507,                 0.9477,                0.62684,                0.82033,                0.84757,                0.56919,                 1.2314,                 1.0306,                  1.587,              0.0007946,              0.0007946,              0.0007946
                    186,                0.50904,                0.45053,                0.96516,                0.79909,                0.63047,                0.84446,                0.56765,                 1.2339,                 1.0373,                 1.5721,             0.00079213,             0.00079213,             0.00079213
                    187,                0.51196,                0.43705,                0.96443,                0.66855,                  0.725,                0.77169,                0.49045,                 1.3464,                 1.0797,                 1.7569,             0.00078965,             0.00078965,             0.00078965
                    188,                0.51971,                0.44911,                0.95873,                0.77181,                0.76619,                0.83115,                0.52743,                 1.4153,                 1.0822,                 1.8211,             0.00078717,             0.00078717,             0.00078717
                    189,                0.52064,                0.43018,                0.96398,                0.84386,                0.77793,                0.84794,                0.57228,                 1.3749,                  1.073,                 1.7716,              0.0007847,              0.0007847,              0.0007847
                    190,                0.49594,                0.42404,                0.95657,                0.79254,                0.79116,                0.75929,                0.46646,                 1.4477,                 1.0745,                 1.9084,             0.00078222,             0.00078222,             0.00078222
                    191,                0.49247,                0.42509,                0.94281,                0.88531,                0.81131,                0.84571,                0.49919,                  1.533,                0.94248,                 1.9881,             0.00077975,             0.00077975,             0.00077975
                    192,                0.51618,                0.45297,                0.96016,                0.85833,                0.82441,                0.91351,                0.52232,                 1.5107,                0.89841,                 2.0604,             0.00077728,             0.00077728,             0.00077728
                    193,                0.51836,                0.43544,                0.97021,                0.92433,                0.76097,                0.88033,                0.52561,                   1.54,                0.97176,                 2.0751,              0.0007748,              0.0007748,              0.0007748
                    194,                0.52882,                0.43404,                0.96799,                0.88584,                0.69852,                0.81404,                0.47967,                 1.4454,                  1.023,                 1.9874,             0.00077232,             0.00077232,             0.00077232
                    195,                0.49134,                0.41395,                0.94807,                0.86606,                0.80476,                0.83567,                 0.4832,                 1.4089,                0.98812,                 1.9175,             0.00076985,             0.00076985,             0.00076985
                    196,                 0.4949,                0.43188,                0.96563,                0.80191,                0.71546,                 0.7972,                0.47608,                 1.4513,                0.97301,                  1.961,             0.00076738,             0.00076738,             0.00076738
                    197,                    0.5,                0.43233,                0.95298,                0.68738,                0.85034,                0.80554,                0.47051,                 1.5571,                0.95848,                 2.0861,              0.0007649,              0.0007649,              0.0007649
                    198,                0.51187,                0.45582,                 0.9515,                0.71176,                0.81389,                 0.7731,                0.47984,                 1.3228,                 1.1161,                 1.8075,             0.00076243,             0.00076243,             0.00076243
                    199,                0.50016,                0.43589,                0.95559,                0.71261,                0.84258,                0.82476,                0.52952,                 1.3017,                0.99507,                 1.7458,             0.00075995,             0.00075995,             0.00075995
                    200,                0.49849,                 0.4569,                0.95343,                0.75776,                0.82169,                0.83354,                 0.5573,                 1.2375,                0.97186,                 1.6251,             0.00075747,             0.00075747,             0.00075747
                    201,                0.48408,                0.43807,                0.93282,                0.68166,                0.83083,                0.80326,                0.54928,                 1.2194,                 1.1777,                 1.6184,               0.000755,               0.000755,               0.000755
                    202,                0.46424,                 0.4083,                0.92796,                0.73632,                0.89471,                0.82987,                0.54589,                 1.3604,                 1.1133,                 1.8068,             0.00075252,             0.00075252,             0.00075252
                    203,                0.48802,                0.43355,                0.94727,                0.84539,                 0.7206,                0.83744,                0.50847,                 1.4001,                0.99444,                 1.9311,             0.00075005,             0.00075005,             0.00075005
                    204,                0.47157,                0.40894,                0.93575,                0.82712,                0.80169,                0.84814,                0.54652,                 1.3955,                0.92327,                 1.9495,             0.00074757,             0.00074757,             0.00074757
                    205,                0.52069,                0.44197,                0.95965,                0.82912,                0.84803,                0.84145,                0.52449,                  1.375,                0.92368,                 1.9834,              0.0007451,              0.0007451,              0.0007451
                    206,                0.48888,                0.41285,                0.94116,                0.82996,                0.68821,                0.77324,                0.50349,                 1.3566,                 1.0261,                 1.9209,             0.00074263,             0.00074263,             0.00074263
                    207,                0.49196,                 0.4396,                0.95437,                0.78268,                0.77712,                0.78569,                0.50982,                 1.3546,                0.94775,                 1.9625,             0.00074015,             0.00074015,             0.00074015
                    208,                0.50535,                0.44921,                0.94643,                0.83246,                0.70179,                0.82339,                0.53602,                 1.4106,                0.85417,                 2.0383,             0.00073768,             0.00073768,             0.00073768
                    209,                0.49231,                0.40504,                0.94217,                0.73337,                0.84364,                0.80937,                0.50584,                  1.457,                0.89594,                 2.0941,              0.0007352,              0.0007352,              0.0007352
                    210,                0.51785,                0.44377,                0.96592,                0.74418,                0.87396,                0.85598,                0.53927,                 1.4587,                 0.8496,                  1.984,             0.00073273,             0.00073273,             0.00073273
                    211,                0.49349,                 0.4202,                0.94849,                0.78281,                0.86359,                0.87414,                0.53303,                 1.3723,                0.93746,                 1.8169,             0.00073025,             0.00073025,             0.00073025
                    212,                0.50616,                0.45162,                0.96024,                0.73136,                 0.7385,                0.80606,                0.48347,                 1.3675,                 1.2587,                 1.8015,             0.00072778,             0.00072778,             0.00072778
                    213,                0.49891,                0.44119,                0.96817,                0.70242,                0.73341,                0.77213,                0.46886,                 1.4502,                 1.0894,                 1.9285,              0.0007253,              0.0007253,              0.0007253
                    214,                0.48758,                0.41191,                0.94297,                0.75428,                0.77048,                0.79059,                0.49599,                 1.3751,                0.93301,                 1.8827,             0.00072283,             0.00072283,             0.00072283
                    215,                0.47281,                0.40443,                0.94127,                0.82765,                0.87661,                0.86634,                0.58589,                  1.265,                0.82179,                 1.7229,             0.00072035,             0.00072035,             0.00072035
                    216,                0.50875,                0.43238,                0.97419,                0.80706,                0.86873,                 0.8911,                0.61008,                 1.2063,                0.85992,                 1.6398,             0.00071788,             0.00071788,             0.00071788
                    217,                0.48413,                 0.4294,                 0.9346,                0.76187,                0.86475,                0.82513,                0.54561,                 1.2745,                0.88984,                 1.6694,              0.0007154,              0.0007154,              0.0007154
                    218,                0.47204,                0.42352,                0.93633,                  0.792,                0.87504,                0.86888,                0.59112,                 1.2759,                0.84291,                 1.7216,             0.00071293,             0.00071293,             0.00071293
                    219,                 0.4995,                0.43068,                0.95776,                0.82848,                0.81867,                0.84745,                0.56721,                 1.3778,                0.83456,                 1.8803,             0.00071045,             0.00071045,             0.00071045
                    220,                   0.49,                0.43054,                0.93729,                0.77498,                0.83424,                0.83948,                0.53586,                 1.3784,                 1.0036,                  1.831,             0.00070798,             0.00070798,             0.00070798
                    221,                0.45469,                0.40535,                0.93793,                0.79797,                0.82806,                0.79617,                0.51942,                  1.289,                  1.081,                  1.736,              0.0007055,              0.0007055,              0.0007055
                    222,                0.45975,                0.39554,                 0.9225,                0.80298,                0.78929,                0.79576,                0.53507,                 1.2147,                 1.1097,                 1.6649,             0.00070303,             0.00070303,             0.00070303
                    223,                0.47357,                0.39666,                0.93169,                0.73071,                0.82337,                 0.8521,                0.59434,                 1.1598,                 1.1092,                 1.6061,             0.00070055,             0.00070055,             0.00070055
                    224,                0.47094,                0.39945,                0.93966,                0.77316,                0.86147,                0.89473,                0.61554,                  1.177,                0.90353,                 1.6185,             0.00069808,             0.00069808,             0.00069808
                    225,                 0.4679,                0.40275,                0.94405,                0.74488,                0.88673,                0.87839,                0.58059,                 1.2572,                 1.0088,                 1.6893,              0.0006956,              0.0006956,              0.0006956
